eo_class_code,eo_code
E05_02,100000061761
E02_05,100000061759
E02_02,100000061760
E02_02,100000061756
E02_02,100000061757
E02_05,100000028865
E17_11,100000052088
E17_11,100000058882
E02_02,100000061893
E03_02,100000061735
E03_02,100000063333
E03_02,100000063336
E03_02,100000062743
E03_02,100000062738
E03_02,100000063335
E03_02,100000099577
E03_02,100000099579
E03_02,100000099581
E03_02,100000099585
E03_02,100000099583
E03_01,100000067189
E03_01,100000063332
E03_01,100000063334
E03_01,100000063337
E03_01,100000026774
E03_02,100000063338
E03_02,100000054866
E03_02,100000102297
E02_03,100000061898
E03_02,100000061900
E02_03,100000061899
E02_03,100000061914
E02_03,100000061910
E02_03,100000061887
E02_03,100000061897
E03_02,100000061885
E02_03,100000054808
E02_03,100000054809
E02_03,100000068241
E02_03,100000072782
E02_03,100000072783
E02_03,100000098917
E02_03,100000098916
E02_03,100000098918
E02_03,100000098919
E02_03,100000098920
E02_03,100000098921
E02_03,100000098922
E02_03,100000099056
E02_03,100000099057
E02_03,100000099058
E02_03,100000099059
E02_03,100000099060
E02_03,100000099061
E02_03,100000099062
E02_03,100000099063
E02_03,100000099064
E02_03,100000099065
E02_03,100000099113
E02_01,100000061889
E02_01,100000061895
E02_01,100000061896
E02_01,100000061888
E02_01,100000026811
E02_01,100000026812
E02_01,100000026813
E02_01,100000073309
E02_01,100000078260
E02_01,100000098923
E02_01,100000098924
E02_01,100000098925
E02_01,100000098926
E02_01,100000098927
E02_01,100000099071
E02_01,100000099072
E02_01,100000099073
E02_01,100000099074
E02_01,100000099075
E02_03,100000061901
E02_03,100000061902
E02_03,100000026783
E02_03,100000026784
E02_03,100000026785
E02_03,100000026814
E02_01,100000061882
E02_01,100000061884
E02_01,100000061890
E02_01,100000061891
E02_01,100000061892
E02_01,100000061886
E02_01,100000097363
E02_01,100000097364
E02_01,100000097577
E02_01,100000097578
E02_01,100000099750
E02_01,100000099751
E02_01,100000099752
E02_01,100000099753
E02_01,100000099754
E02_01,100000099755
E02_01,100000099756
E02_01,100000099757
E02_01,100000099758
E02_01,100000099759
E02_01,100000099760
E02_01,100000099761
E02_01,100000099762
E02_01,100000099763
E02_01,100000099764
E02_01,100000099765
E02_01,100000099766
E02_01,100000099767
E02_01,100000099768
E02_01,100000099769
E02_01,100000099770
E03_02,100000099778
E03_02,100000099779
E03_02,100000099781
E03_02,100000099784
E01_01,100000065581
E01_01,100000065582
E01_01,100000065585
E01_01,100000065586
E01_01,100000065587
E01_01,100000065588
E01_01,100000065589
E01_01,100000079842
E01_01,100000079843
E01_01,100000079844
E01_01,100000028868
E01_01,100000062369
E01_01,100000062370
E01_01,100000062371
E01_01,100000062372
E01_01,100000062373
E01_01,100000062379
E01_01,100000062377
E01_01,100000062376
E01_01,100000065968
E01_01,100000065969
E01_01,100000065970
E01_01,100000065971
E01_01,100000065972
E01_01,100000065974
E01_01,100000065967
E01_01,100000062380
E01_01,100000065975
E01_01,100000065976
E01_01,100000062381
E01_01,100000062382
E01_01,100000062383
E01_01,100000062384
E01_01,100000062391
E01_01,100000062393
E01_01,100000062394
E01_01,100000062392
E01_01,100000062390
E01_01,100000062395
E01_01,100000062396
E01_01,100000062397
E01_01,100000062398
E01_01,100000062399
E01_01,100000062386
E01_01,100000062389
E01_01,100000062388
E01_01,100000062387
E01_01,100000062385
E01_01,100000065977
E01_01,100000065978
E01_01,100000065979
E01_01,100000065980
E01_01,100000065981
E01_01,100000065606
E01_01,100000065607
E01_01,100000065608
E01_01,100000065609
E01_01,100000065611
E01_01,100000065612
E01_01,100000065613
E01_01,100000065614
E01_01,100000065615
E01_01,100000065616
E01_01,100000065617
E01_01,100000065618
E01_01,100000065619
E01_01,100000065620
E01_01,100000065622
E01_01,100000065640
E01_01,100000065637
E01_01,100000065639
E01_01,100000065638
E01_01,100000065641
E01_01,100000065643
E01_01,100000065626
E01_01,100000065624
E01_01,100000065623
E01_01,100000065625
E01_01,100000065627
E01_01,100000065628
E01_01,100000065630
E01_01,100000065632
E01_01,100000065629
E01_01,100000065631
E01_01,100000065633
E01_01,100000065634
E01_01,100000065636
E01_01,100000065635
E01_01,100000065514
E01_01,100000065515
E01_01,100000065516
E01_01,100000065517
E01_01,100000065518
E01_01,100000065520
E01_01,100000065521
E01_01,100000065523
E01_01,100000065525
E01_01,100000065524
E01_01,100000065526
E01_01,100000065527
E01_01,100000065519
E01_01,100000065529
E01_01,100000065530
E01_01,100000065528
E01_01,100000065531
E01_01,100000065532
E01_01,100000065535
E01_01,100000065536
E01_01,100000065537
E01_01,100000065538
E01_01,100000065539
E01_01,100000065540
E01_01,100000065541
E01_01,100000065542
E01_01,100000065543
E01_01,100000065544
E01_01,100000065546
E01_01,100000065547
E01_01,100000065548
E01_01,100000065512
E01_01,100000065513
E01_01,100000065511
E01_01,100000026804
E01_01,100000026805
E01_01,100000026806
E01_01,100000026807
E01_01,100000026808
E01_01,100000026809
E01_01,100000026810
E01_01,100000036418
E01_01,100000036420
E01_01,100000036421
E01_01,100000054847
E01_01,100000054846
E01_01,100000054848
E01_01,100000054849
E01_01,100000054850
E01_01,100000054851
E01_01,100000054852
E01_01,100000054853
E01_01,100000054854
E01_01,100000054855
E01_01,100000054856
E01_01,100000054857
E01_01,100000054858
E01_01,100000054859
E01_01,100000054860
E01_01,100000054861
E01_01,100000054978
E01_01,100000054979
E01_01,100000054980
E01_01,100000054981
E01_01,100000054982
E01_01,100000054983
E01_01,100000054984
E01_01,100000054985
E01_01,100000054986
E01_01,100000054987
E01_01,100000054988
E01_01,100000054989
E01_01,100000054990
E01_01,100000054991
E01_01,100000054992
E01_01,100000054993
E01_01,100000054994
E01_01,100000054995
E01_01,100000054996
E01_01,100000054997
E01_01,100000054998
E01_01,100000054999
E01_01,100000099110
E01_01,100000099111
E01_01,100000099112
E01_01,100000099116
E01_01,100000099117
E01_01,100000099118
E01_01,100000099123
E01_01,100000099122
E01_01,100000099124
E01_01,100000099134
E01_01,100000099125
E01_01,100000099126
E01_01,100000099127
E01_01,100000099128
E01_01,100000099129
E01_01,100000099130
E01_01,100000099131
E01_01,100000099132
E01_01,100000099133
E01_01,100000099144
E01_01,100000099135
E01_01,100000099136
E01_01,100000099137
E01_01,100000099138
E01_01,100000099139
E01_01,100000099140
E01_01,100000099141
E01_01,100000099142
E01_01,100000099143
E01_01,100000099145
E01_01,100000099146
E01_01,100000099147
E01_01,100000036243
E01_01,100000036245
E01_01,100000036242
E01_01,100000036822
E01_01,100000036829
E01_01,100000065592
E01_01,100000065594
E01_01,100000065596
E01_01,100000065595
E01_01,100000065598
E01_01,100000065599
E01_01,100000065600
E01_01,100000065602
E01_01,100000065603
E01_01,100000065604
E01_01,100000065605
E01_01,100000065893
E01_01,100000065644
E01_01,100000065646
E01_01,100000065648
E01_01,100000065647
E01_01,100000065649
E01_01,100000065645
E01_01,100000065562
E01_01,100000065564
E01_01,100000065563
E01_01,100000036794
E03_01,100000055545
E05_02,100000058897
E03_02,100000058918
E05_02,100000059026
E05_02,100000059036
E05_02,100000059037
E05_02,100000059054
E05_02,100000059061
E05_02,100000059046
E05_02,100000059047
E05_02,100000059048
E05_02,100000059055
E05_02,100000059056
E05_02,100000059057
E05_02,100000059058
E05_02,100000059059
E05_02,100000027476
E05_02,100000026787
E05_02,100000026786
E05_02,100000055010
E05_02,100000055011
E05_02,100000054780
E05_02,100000059062
E05_02,100000026775
E05_02,100000059060
E05_02,100000026791
E05_02,100000026792
E05_02,100000055032
E05_02,100000054862
E05_02,100000055033
E05_02,100000055008
E05_02,100000055009
E05_02,100000054863
E05_02,100000054864
E05_02,100000055034
E05_02,100000055035
E05_02,100000055013
E05_02,100000058898
E05_02,100000058899
E05_02,100000058900
E05_02,100000058901
E05_02,100000058902
E05_02,100000058903
E05_02,100000058904
E05_02,100000058905
E05_02,100000058907
E05_02,100000058908
E05_02,100000058911
E05_02,100000058912
E05_02,100000077982
E05_01,100000078363
E05_02,100000078364
E05_02,100000078365
E05_02,100000027472
E05_02,100000048874
E03_01,100000058939
E03_01,100000058933
E03_01,100000058934
E03_01,100000058935
E03_01,100000058936
E03_01,100000058920
E03_01,100000026794
E03_01,100000026788
E03_01,100000059018
E03_01,100000059035
E03_01,100000059053
E03_01,100000059051
E03_01,100000059052
E03_01,100000030461
E03_01,100000030466
E17_11,100000058926
E17_11,100000058921
E17_11,100000058922
E17_11,100000027475
E17_11,100000027473
E17_11,100000055023
E17_11,100000036783
E17_11,100000026795
E17_11,100000054867
E17_11,100000054865
E17_11,100000055024
E17_11,100000055025
E17_11,100000058937
E17_11,100000058924
E17_11,100000058925
E17_11,100000058927
E17_11,100000059033
E17_11,100000059038
E17_11,100000058928
E17_11,100000058929
E17_11,100000066506
E03_01,100000055026
E03_01,100000055027
E05_01,100000062742
E05_01,100000065965
E05_01,100000065962
E05_01,100000065963
E05_01,100000065953
E05_01,100000065954
E05_01,100000065964
E05_01,100000055014
E05_01,100000037280
E05_01,100000037279
E05_02,100000026793
E05_01,100000026789
E05_01,100000026797
E05_01,100000055017
E05_01,100000055019
E05_01,100000055016
E05_01,100000065960
E05_01,100000065955
E05_01,100000065966
E05_01,100000065956
E05_01,100000065959
E05_01,100000065961
E03_01,100000026796
E03_01,100000065943
E06_01,100000065946
E06_01,100000065948
E06_01,100000065947
E06_01,100000026790
E06_01,100000026798
E06_01,100000055031
E06_01,100000055028
E06_01,100000055029
E06_01,100000055030
E06_01,100000065950
E06_01,100000065951
E06_01,100000065952
E06_01,100000067265
E05_01,100000065913
E03_02,100000065912
E05_01,100000065914
E05_01,100000078368
E05_01,100000027474
E03_01,100000065906
E17_11,100000065921
E06_01,100000065907
E03_01,100000062741
E03_01,100000036422
E02_02,100000061904
E03_02,100000062744
E03_02,100000062745
E03_02,100000062746
E03_02,100000062749
E03_02,100000062730
E03_02,100000062733
E03_02,100000062735
E03_02,100000062734
E03_02,100000071701
E03_02,100000062754
E03_02,100000062729
E03_01,100000099115
E03_01,100000099068
E03_01,100000062728
E03_01,100000099067
E03_01,100000099066
E03_01,100000062752
E03_02,100000062739
E03_02,100000062740
E03_02,100000062736
E03_02,100000062737
E03_02,100000062726
E03_02,100000102293
E03_02,100000102295
E03_02,100000102296
E01_01,100000008673
E01_01,100000008674
E01_01,100000008666
E01_01,100000008667
E01_01,100000008668
E01_01,100000008669
E01_01,100000008670
E01_01,100000008671
E01_01,100000008672
E01_01,100000008661
E01_01,100000008662
E01_01,100000008663
E01_01,100000008664
E01_01,100000008665
E01_01,100000006408
E01_01,100000006409
E01_01,100000006410
E01_01,100000021344
E01_01,100000021364
E01_01,100000021466
E01_01,100000022743
E01_01,100000022744
E01_01,100000022783
E01_01,100000071921
E06_01,100000007090
E06_01,100000009181
E06_01,100000009182
E06_01,100000009179
E06_01,100000009180
E06_01,100000068268
E01_01,100000068227
E01_01,100000068228
E01_01,100000068229
E01_01,100000068230
E01_01,100000068231
E01_01,100000068232
E03_01,100000009138
E03_02,100000009136
E03_02,100000009137
E03_02,100000007087
E03_01,100000068233
E17_11,100000009147
E03_01,100000008675
E03_01,100000008676
E03_01,100000006414
E03_01,100000008677
E03_01,100000008678
E03_01,100000008679
E03_01,100000022894
E03_01,100000073791
E17_11,100000008680
E17_11,100000008681
E17_11,100000008682
E17_11,100000008683
E17_11,100000008684
E17_11,100000008685
E17_11,100000008686
E17_11,100000008687
E17_11,100000079663
E17_11,100000068226
E17_11,100000099881
E02_01,100000009130
E02_01,100000009131
E02_03,100000009132
E02_01,100000009133
E02_01,100000009134
E02_01,100000009135
E02_01,100000007096
E02_01,100000021717
E02_01,100000022742
E02_01,100000079022
E02_01,100000079023
E02_01,100000079024
E02_01,100000099446
E05_02,100000009139
E05_02,100000009140
E05_02,100000009141
E05_02,100000009142
E05_02,100000009143
E05_02,100000009144
E05_02,100000009145
E05_02,100000009146
E05_01,100000021378
E05_02,100000024786
E05_02,100000073790
E05_02,100000081625
E05_02,100000081627
E05_02,100000068224
E05_02,100000068223
E17_11,100000024139
E01_01,aldan_785-7_301
E01_01,aldan_785-7_302
E01_01,aldan_785-7_303
E01_01,aldan_785-7_304
E01_01,aldan_785-7_305
E01_01,aldan_785-7_306
E01_01,aldan_785-7_307
E01_01,aldan_785-7_308
E01_01,aldan_785-7_309
E01_01,aldan_785-7_310
E01_01,aldan_785-7_311
E01_01,aldan_785-7_312
E01_01,aldan_785-7_313
E01_01,aldan_785-7_314
E01_01,aldan_785-7_315
E01_01,aldan_785-7_316
E01_01,aldan_785-7_317
E01_01,aldan_785-7_318
E01_01,aldan_785-7_319
E01_01,aldan_785-7_320
E01_01,aldan_785-7_321
E01_01,aldan_785-7_322
E01_01,aldan_785-7_323
E01_01,aldan_785-7_324
E01_01,aldan_785-7_325
E01_01,aldan_785-7_326
E01_01,aldan_785-7_327
E01_01,aldan_785-7_328
E01_01,aldan_785-7_329
E01_01,aldan_785-7_330
E01_01,aldan_785-7_331
E01_01,aldan_785-7_332
E01_01,aldan_785-7_333
E01_01,aldan_785-7_334
E01_01,aldan_785-7_335
E01_01,aldan_465_700
E01_01,aldan_465_701
E01_01,aldan_777G_501
E01_01,aldan_777G_502
E01_01,aldan_777G_503
E01_01,aldan_777G_504
E01_01,aldan_777G_505
E01_01,aldan_777G_506
E01_01,aldan_777E_601
E01_01,aldan_777E_602
E01_01,aldan_777E_603
E01_01,aldan_777E_604
E01_01,aldan_777E_605
E01_01,aldan_777E_606
E01_01,aldan_777E_607
E01_01,aldan_777E_608
E01_01,aldan_777E_609
E01_01,aldan_7555_001
E01_01,aldan_7555_002
E01_01,aldan_7555_003
E01_01,aldan_7555_004
E01_01,aldan_7555_005
E01_01,aldan_7555_006
E01_01,aldan_7555_007
E01_01,aldan_7555_008
E01_01,aldan_7555_009
E01_01,aldan_7555_010
E02_03,aldan_DML1200_019
E02_03,aldan_DML1450_021
E02_03,aldan_DML1450_023
E02_03,aldan_DML1450_024
E03_01,aldan_PC1250SP-8_1
E03_01,aldan_PC1250SP-8_2
E03_01,aldan_PC1250SP-8_3
E03_01,aldan_PC1250SP-8_4
E03_01,aldan_PC1250SP-8_5
E03_01,aldan_PC12507_37
E03_01,aldan_PC2000_60
E03_01,aldan_CAT395_07
E03_01,aldan_CAT395_08
E03_02,aldan_ekg10_27
E03_02,aldan_ekg10_33
E05_02,aldan_D375A-5_016
E05_02,aldan_D375A-5_012
E05_02,aldan_D375A-5_020
E05_02,aldan_D375A-5_022
E05_02,aldan_D375A-5_080
E05_02,aldan_D375A-5_081
E05_02,aldan_D375A-5_082
E05_02,aldan_D-85ESS_070
E05_02,aldan_D-85ESS_071
E05_02,aldan_D-85ESS_072
E05_02,aldan_D-85ESS_073
E05_02,aldan_САТ-834Н_041
E05_02,aldan_САТ-834Н_043
E17_11,aldan_WA500_50
E17_11,aldan_WA500_53
E17_11,aldan_WA500_54
E06_01,100000084823
E06_01,100000084430
E06_01,100000084432
E06_01,100000084431
E06_01,100000084488
E17_11,100000084473
E02_03,100000084454
E02_03,100000084459
E02_03,100000084460
E02_03,100000084490
E02_03,100000084491
E02_03,100000084456
E02_03,100000084457
E02_03,100000084458
E17_11,100000084441
E02_03,100000090003
E02_03,100000090004
E02_03,100000090005
E02_03,100000084449
E02_03,100000084450
E02_03,100000084451
E02_03,100000084452
E02_03,100000084453
E05_02,100000084416
E05_02,100000084427
E05_02,100000084428
E05_01,100000084429
E05_02,100000084425
E05_02,100000084424
E05_02,100000084489
E05_02,100000084417
E05_01,100000084509
E05_02,100000084418
E05_02,100000084419
E05_02,100000084426
E05_02,100000084420
E05_02,100000084421
E05_02,100000089945
E05_02,100000084422
E05_02,100000084423
E03_01,100000084447
E03_01,100000084448
E03_01,100000090006
E03_01,100000084444
E03_01,100000084446
E03_01,100000084445
E17_11,100000084433
E17_11,100000084434
E17_11,100000084435
E17_11,100000084439
E17_11,100000084440
E17_11,100000084436
E17_11,100000084437
E17_11,100000084438
E03_02,100000084507
E03_02,100000084508
E03_01,100000084822
E03_02,100000084442
E03_02,100000084443
E01_01,100000084485
E01_01,100000084486
E01_01,100000084487
E01_01,100000084413
E01_01,100000084414
E01_01,100000084415
E01_01,100000084492
E01_01,100000084493
E01_01,100000084494
E01_01,100000084495
E01_01,100000084496
E01_01,100000084497
E01_01,100000084498
E01_01,100000084499
E01_01,100000084500
E01_01,100000084501
E01_01,100000084502
E01_01,100000084503
E01_01,100000084504
E01_01,100000084505
E01_01,100000084506
E01_01,100000084384
E01_01,100000084393
E01_01,100000084394
E01_01,100000084395
E01_01,100000084385
E01_01,100000084386
E01_01,100000084387
E01_01,100000084388
E01_01,100000084389
E01_01,100000084390
E01_01,100000084391
E01_01,100000084392
E01_01,100000084396
E01_01,100000084397
E01_01,100000084398
E01_01,100000084399
E01_01,100000084400
E01_01,100000084401
E01_01,100000084402
E01_01,100000084403
E01_01,100000084404
E01_01,100000084405
E01_01,100000084406
E01_01,100000084407
E01_01,100000084408
E01_01,100000084409
E01_01,100000084410
E01_01,100000084411
E01_01,100000084412
E01_01,100000100295
E01_01,100000100299