,be_code,be_description,eo_class_code,eo_class_description,eo_model_name,teh_mesto,gar_no,eo_code,head_type,operation_start_date,expected_operation_period_years,expected_operation_finish_date,sap_planned_finish_operation_date,expected_operation_status_code,expected_operation_status_code_date,sap_system_status,sap_user_status,reported_operation_finish_date,reported_operation_status,evaluated_operation_finish_date,id
1412,1100.0,"АО ""Полюс Красноярск""",E03_02,Экскаваторы электрические,Экскаваторы ЭКГ-10,11-RUD-BLAG-UGBL-E105,02,100000062743,head,1996-09-01,12,2008-09-01 00:00:00.000000,2023-01-01,operation,2027-12-31 00:00:00,УСТН,СИНХ,2199-01-01,,2023-01-01,34
1478,1100.0,"АО ""Полюс Красноярск""",E03_01,Экскаваторы гидравлические,Экскаваторы PC3000-6,11-RUD-BLAG-UGBL-P601,502,100000067189,head,2009-11-30,12,2021-11-30 00:00:00.000000,2023-01-01,operation,2027-12-31 00:00:00,УСТН,СИНХ,2199-01-01,,2023-01-01,62
1484,1100.0,"АО ""Полюс Красноярск""",E03_01,Экскаваторы гидравлические,Экскаваторы PC3000-6,11-RUD-BLAG-UGBL-P602,504,100000063332,head,2011-06-25,12,2023-06-25 00:00:00.000000,2023-01-01,operation,2027-12-31 00:00:00,УСТН,СИНХ,2199-01-01,,2023-01-01,65
1487,1100.0,"АО ""Полюс Красноярск""",,,,11-RUD-BLAG-UGBL-P602,504,100000039760,component,2011-06-25,12,2023-06-25 00:00:00.000000,2199-01-01,operation,2027-12-31 00:00:00,ПВЕО,КМПН,2199-01-01,,2023-06-25,68
1488,1100.0,"АО ""Полюс Красноярск""",,,,11-RUD-BLAG-UGBL-P602,504,100000039801,component,2011-06-25,12,2023-06-25 00:00:00.000000,2199-01-01,operation,2027-12-31 00:00:00,ПВЕО,КМПН,2199-01-01,,2023-06-25,69
1608,1100.0,"АО ""Полюс Красноярск""",E02_01,Станки буровые вращ. бур. шарошками,Станки буровые PV-235,11-RUD-CBVZ-P201,55,100000061889,head,2012-04-04,12,2024-04-04 00:00:00.000000,2023-01-31,operation,2027-12-31 00:00:00,УСТН,СИНХ,2023-01-31,,2023-01-31,151
1613,1100.0,"АО ""Полюс Красноярск""",E02_01,Станки буровые вращ. бур. шарошками,Станки буровые PV-235,11-RUD-CBVZ-P202,56,100000061895,head,2012-09-30,12,2024-09-30 00:00:00.000000,2023-01-31,operation,2027-12-31 00:00:00,УСТН,СИНХ,2023-01-31,,2023-01-31,156
1618,1100.0,"АО ""Полюс Красноярск""",E02_01,Станки буровые вращ. бур. шарошками,Станки буровые PV-235,11-RUD-CBVZ-P203,57,100000061896,head,2012-10-16,12,2024-10-16 00:00:00.000000,2023-02-28,operation,2027-12-31 00:00:00,УСТН,СИНХ,2199-01-01,,2023-02-28,160
1702,1100.0,"АО ""Полюс Красноярск""",E02_01,Станки буровые вращ. бур. шарошками,Станки буровые СБШ-250,11-RUD-CBVZ-SB08,26,100000061891,head,2012-04-30,12,2024-04-30 00:00:00.000000,2023-01-31,operation,2027-12-31 00:00:00,УСТН,СИНХ,2023-01-31,,2023-01-31,220
1703,1100.0,"АО ""Полюс Красноярск""",,,,11-RUD-CBVZ-SB08,ЭНЕРГОСЛУЖБА К.ВОСТОЧНЫЙ,100000075005,component,2011-04-09,12,2023-04-09 00:00:00.000000,2199-01-01,operation,2027-12-31 00:00:00,ПВЕО,plug,2199-01-01,,2023-04-09,221
1708,1100.0,"АО ""Полюс Красноярск""",E02_01,Станки буровые вращ. бур. шарошками,Станки буровые СБШ-250,11-RUD-CBVZ-SB09,27,100000061892,head,2012-05-31,12,2024-05-31 00:00:00.000000,2023-01-31,operation,2027-12-31 00:00:00,УСТН,СИНХ,2023-01-31,,2023-01-31,226
1832,1100.0,"АО ""Полюс Красноярск""",,,,11-RUD-CGTR-SEBT-CC04,785C KP 15-2,100000038766,component,2011-05-26,12,2023-05-26 00:00:00.000000,2199-01-01,operation,2027-12-31 00:00:00,ПВЕО,КМПН,2199-01-01,,2023-05-26,307
1834,1100.0,"АО ""Полюс Красноярск""",,,,11-RUD-CGTR-SEBT-CC04,785C BR 09-1,100000039212,component,2011-08-22,12,2023-08-22 00:00:00.000000,2199-01-01,operation,2027-12-31 00:00:00,ПВЕО,КМПН,2199-01-01,,2023-08-22,308
2024,1100.0,"АО ""Полюс Красноярск""",,,,11-RUD-CGTR-SEBT-CC30,785C GT 28-3,100000056063,component,2011-01-01,12,2023-01-01 00:00:00.000000,2199-01-01,operation,2027-12-31 00:00:00,ПВЕО,plug,2199-01-01,,2023-01-01,492
2030,1100.0,"АО ""Полюс Красноярск""",,,,11-RUD-CGTR-SEBT-CC30,431,100000058470,component,2011-02-28,12,2023-02-28 00:00:00.000000,2199-01-01,operation,2027-12-31 00:00:00,ПВЕО,КМПН,2199-01-01,,2023-02-28,496
2057,1100.0,"АО ""Полюс Красноярск""",,,,11-RUD-CGTR-SEBT-CC33,785С PG 04-1,100000038602,component,2011-07-31,12,2023-07-31 00:00:00.000000,2199-01-01,operation,2027-12-31 00:00:00,ПВЕО,plug,2199-01-01,,2023-07-31,520
2134,1100.0,"АО ""Полюс Красноярск""",,,,11-RUD-CGTR-SEBT-CC41,785C BR 38-3,100000069363,component,2011-03-31,12,2023-03-31 00:00:00.000000,2199-01-01,operation,2027-12-31 00:00:00,ПВЕО,КМПН,2199-01-01,,2023-03-31,573
2140,1100.0,"АО ""Полюс Красноярск""",,,,11-RUD-CGTR-SEBT-CC42,785C KP 52-2,100000038827,component,2011-05-26,12,2023-05-26 00:00:00.000000,2199-01-01,operation,2027-12-31 00:00:00,ПВЕО,КМПН,2199-01-01,,2023-05-26,580
2143,1100.0,"АО ""Полюс Красноярск""",,,,11-RUD-CGTR-SEBT-CC42,785C GT 37-3,100000055979,component,2011-04-30,12,2023-04-30 00:00:00.000000,2199-01-01,operation,2027-12-31 00:00:00,ПВЕО,plug,2199-01-01,,2023-04-30,582
2170,1100.0,"АО ""Полюс Красноярск""",,,,11-RUD-CGTR-SEBT-CC45,785C BR 53-3,100000039451,component,2011-02-18,12,2023-02-18 00:00:00.000000,2199-01-01,operation,2027-12-31 00:00:00,ПВЕО,КМПН,2199-01-01,,2023-02-18,605
2180,1100.0,"АО ""Полюс Красноярск""",,,,11-RUD-CGTR-SEBT-CC46,785C BR 62-2,100000039452,component,2011-03-31,12,2023-03-31 00:00:00.000000,2199-01-01,operation,2027-12-31 00:00:00,ПВЕО,КМПН,2199-01-01,,2023-03-31,615
2198,1100.0,"АО ""Полюс Красноярск""",,,,11-RUD-CGTR-SEBT-CC48,785C BR 68-2,100000039260,component,2011-02-28,12,2023-02-28 00:00:00.000000,2199-01-01,operation,2027-12-31 00:00:00,ПВЕО,КМПН,2199-01-01,,2023-02-28,632
2365,1100.0,"АО ""Полюс Красноярск""",,,,11-RUD-CGTR-SEBT-CC65,517,100000038791,component,2011-07-31,12,2023-07-31 00:00:00.000000,2199-01-01,operation,2027-12-31 00:00:00,ПВЕО,КМПН,2199-01-01,,2023-07-31,781
1991,1100.0,"АО ""Полюс Красноярск""",,,,11-RUD-CGTR-SEBT-CC69,785С PG 39-1,100000038594,component,2011-07-31,12,2023-07-31 00:00:00.000000,2199-01-01,operation,2027-12-31 00:00:00,ПВЕО,plug,2199-01-01,,2023-07-31,804
2398,1100.0,"АО ""Полюс Красноярск""",,,,11-RUD-CGTR-SEBT-CC69,785C GT 67-3,100000055970,component,2011-05-26,12,2023-05-26 00:00:00.000000,2199-01-01,operation,2027-12-31 00:00:00,ПВЕО,plug,2199-01-01,,2023-05-26,806
2409,1100.0,"АО ""Полюс Красноярск""",,,,11-RUD-CGTR-SEBT-CC70,785С PG 29-1,100000038596,component,2011-07-31,12,2023-07-31 00:00:00.000000,2199-01-01,operation,2027-12-31 00:00:00,ПВЕО,plug,2199-01-01,,2023-07-31,812
2428,1100.0,"АО ""Полюс Красноярск""",,,,11-RUD-CGTR-SEBT-CC72,785C GT 69-2,100000055962,component,2011-04-30,12,2023-04-30 00:00:00.000000,2199-01-01,operation,2027-12-31 00:00:00,ПВЕО,plug,2199-01-01,,2023-04-30,827
2438,1100.0,"АО ""Полюс Красноярск""",,,,11-RUD-CGTR-SEBT-CC73,785C GT 70-3,100000055977,component,2011-07-31,12,2023-07-31 00:00:00.000000,2199-01-01,operation,2027-12-31 00:00:00,ПВЕО,plug,2199-01-01,,2023-07-31,837
2513,1100.0,"АО ""Полюс Красноярск""",,,,11-RUD-CGTR-SEBT-CC80,532 (РАНЕЕ ГП С 419),100000038654,component,2011-04-30,12,2023-04-30 00:00:00.000000,2199-01-01,operation,2027-12-31 00:00:00,ПВЕО,plug,2199-01-01,,2023-04-30,886
2535,1100.0,"АО ""Полюс Красноярск""",,,,11-RUD-CGTR-SEBT-CC83,785С PG 28-1,100000038587,component,2011-04-30,12,2023-04-30 00:00:00.000000,2199-01-01,operation,2027-12-31 00:00:00,ПВЕО,plug,2199-01-01,,2023-04-30,904
2544,1100.0,"АО ""Полюс Красноярск""",,,,11-RUD-CGTR-SEBT-CC84,536,100000038597,component,2011-07-31,12,2023-07-31 00:00:00.000000,2199-01-01,operation,2027-12-31 00:00:00,ПВЕО,plug,2199-01-01,,2023-07-31,909
2547,1100.0,"АО ""Полюс Красноярск""",,,,11-RUD-CGTR-SEBT-CC84,536,100000038458,component,2011-01-31,12,2023-01-31 00:00:00.000000,2199-01-01,operation,2027-12-31 00:00:00,ПВЕО,КМПН,2199-01-01,,2023-01-31,912
3401,1100.0,"АО ""Полюс Красноярск""",E01_01,Самосвалы карьерные,Самосвалы CAT 777F,11-RUD-CGTR-SEBT-CF03,138,100000065594,head,2008-10-20,12,2020-10-20 00:00:00.000000,2023-01-01,operation,2027-12-31 00:00:00,УСТН,СИНХ,2199-01-01,,2023-01-01,1674
3455,1100.0,"АО ""Полюс Красноярск""",E01_01,Самосвалы карьерные,Самосвалы CAT 777F,11-RUD-CGTR-SEBT-CF11,146,100000065603,head,2012-06-04,12,2024-06-04 00:00:00.000000,2023-07-01,operation,2027-12-31 00:00:00,УСТН,СИНХ,2023-07-01,,2023-07-01,1701
3464,1100.0,"АО ""Полюс Красноярск""",E01_01,Самосвалы карьерные,Самосвалы CAT 777F,11-RUD-CGTR-SEBT-CF12,147,100000065604,head,2012-06-04,12,2024-06-04 00:00:00.000000,2023-07-01,operation,2027-12-31 00:00:00,УСТН,СИНХ,2023-07-01,,2023-07-01,1708
3474,1100.0,"АО ""Полюс Красноярск""",E01_01,Самосвалы карьерные,Самосвалы CAT 777F,11-RUD-CGTR-SEBT-CF13,148,100000065605,head,2012-06-04,12,2024-06-04 00:00:00.000000,2023-07-01,operation,2027-12-31 00:00:00,УСТН,СИНХ,2023-07-01,,2023-07-01,1717
3483,1100.0,"АО ""Полюс Красноярск""",E01_01,Самосвалы карьерные,Самосвалы CAT 777F,11-RUD-CGTR-SEBT-CF14,149,100000065893,head,2012-06-04,12,2024-06-04 00:00:00.000000,2023-07-01,operation,2027-12-31 00:00:00,УСТН,СИНХ,2023-07-01,,2023-07-01,1722
3740,1100.0,"АО ""Полюс Красноярск""",E05_02,Бульдозеры гусеничные,Бульдозер D375A-5,11-RUD-CGTR-SETT-UCTT-BZ47,38,100000058898,head,2012-05-28,12,2024-05-28 00:00:00.000000,2023-04-01,operation,2027-12-31 00:00:00,УСТН,СИНХ,2199-01-01,,2023-04-01,1934
3877,1100.0,"АО ""Полюс Красноярск""",E03_01,Экскаваторы гидравлические,Экскаватор гидравл. ЕК 450FS,11-RUD-CGTR-SETT-UCTT-EX18,04,100000030461,head,2011-11-05,12,2023-11-05 00:00:00.000000,2199-01-01,operation,2027-12-31 00:00:00,УСТН,СИНХ,2199-01-01,,2023-11-05,2057
3878,1100.0,"АО ""Полюс Красноярск""",,,,11-RUD-CGTR-SETT-UCTT-EX18,04,100000039735,component,2011-11-05,12,2023-11-05 00:00:00.000000,2199-01-01,operation,2027-12-31 00:00:00,ПВЕО,plug,2199-01-01,,2023-11-05,2058
3879,1100.0,"АО ""Полюс Красноярск""",,,,11-RUD-CGTR-SETT-UCTT-EX18,04,100000039776,component,2011-11-05,12,2023-11-05 00:00:00.000000,2199-01-01,operation,2027-12-31 00:00:00,ПВЕО,plug,2199-01-01,,2023-11-05,2059
3880,1100.0,"АО ""Полюс Красноярск""",,,,11-RUD-CGTR-SETT-UCTT-EX18,04,100000039815,component,2011-11-05,12,2023-11-05 00:00:00.000000,2199-01-01,operation,2027-12-31 00:00:00,ПВЕО,plug,2199-01-01,,2023-11-05,2060
3888,1100.0,"АО ""Полюс Красноярск""",,,,11-RUD-CGTR-SETT-UCTT-LF07,26,100000044012,component,2011-02-07,12,2023-02-07 00:00:00.000000,2199-01-01,operation,2027-12-31 00:00:00,ПВЕО,КМПН,2199-01-01,,2023-02-07,2066
3889,1100.0,"АО ""Полюс Красноярск""",,,,11-RUD-CGTR-SETT-UCTT-LF07,26,100000044013,component,2011-02-07,12,2023-02-07 00:00:00.000000,2199-01-01,operation,2027-12-31 00:00:00,ПВЕО,КМПН,2199-01-01,,2023-02-07,2067
3890,1100.0,"АО ""Полюс Красноярск""",,,,11-RUD-CGTR-SETT-UCTT-LF07,26,100000044014,component,2011-02-07,12,2023-02-07 00:00:00.000000,2199-01-01,operation,2027-12-31 00:00:00,ПВЕО,КМПН,2199-01-01,,2023-02-07,2068
3946,1100.0,"АО ""Полюс Красноярск""",E17_11,Погрузчики фронтальные,Погрузчик фронтальный WA500-3,11-RUD-CGTR-SETT-UCTT-LF21,37,100000058937,head,2013-04-05,12,2025-04-05 00:00:00.000000,2023-03-01,operation,2027-12-31 00:00:00,УСТН,СИНХ,2199-01-01,,2023-03-01,2117
3952,1100.0,"АО ""Полюс Красноярск""",E17_11,Погрузчики фронтальные,Погрузчик фронтальный WA600-3,11-RUD-CGTR-SETT-UCTT-LF22,39,100000058924,head,2012-09-17,12,2024-09-17 00:00:00.000000,2023-03-01,operation,2027-12-31 00:00:00,УСТН,СИНХ,2199-01-01,,2023-03-01,2120
3969,1100.0,"АО ""Полюс Красноярск""",E17_11,Погрузчики фронтальные,Погрузчик фронтальный WA500-3,11-RUD-CGTR-SETT-UCTT-LF25,502,100000059033,head,2015-10-17,12,2027-10-17 00:00:00.000000,2024-01-01,operation,2027-12-31 00:00:00,УСТН,СИНХ,2023-07-01,,2023-07-01,2136
4005,1100.0,"АО ""Полюс Красноярск""",E05_01,Бульдозеры колесные,Бульдозер К-703МА,11-RUD-CGTR-SETT-UDOT-BZ01,14,100000062742,head,2010-08-30,12,2022-08-30 00:00:00.000000,2023-12-31,operation,2027-12-31 00:00:00,УСТН,СИНХ,2023-12-31,,2023-12-31,2167
4009,1100.0,"АО ""Полюс Красноярск""",E05_01,Бульдозеры колесные,Бульдозер К-703МА,11-RUD-CGTR-SETT-UDOT-BZ02,15,100000065965,head,2010-08-10,12,2022-08-10 00:00:00.000000,2023-03-01,operation,2027-12-31 00:00:00,УСТН,СИНХ,2023-12-31,,2023-12-31,2171
4025,1100.0,"АО ""Полюс Красноярск""",E05_01,Бульдозеры колесные,Бульдозер WD600-3,11-RUD-CGTR-SETT-UDOT-BZ05,25,100000065953,head,2007-12-20,12,2019-12-20 00:00:00.000000,2023-12-31,operation,2027-12-31 00:00:00,УСТН,СИНХ,2023-12-31,,2023-12-31,2188
4185,1100.0,"АО ""Полюс Красноярск""",,,,11-RUD-CGTR-SETT-UDST-BZ04,16,100000045113,component,2011-10-30,12,2023-10-30 00:00:00.000000,2199-01-01,operation,2027-12-31 00:00:00,ПВЕО,plug,2199-01-01,,2023-10-30,2333
4186,1100.0,"АО ""Полюс Красноярск""",,,,11-RUD-CGTR-SETT-UDST-BZ04,16,100000045114,component,2011-10-30,12,2023-10-30 00:00:00.000000,2199-01-01,operation,2027-12-31 00:00:00,ПВЕО,plug,2199-01-01,,2023-10-30,2334
4187,1100.0,"АО ""Полюс Красноярск""",,,,11-RUD-CGTR-SETT-UDST-BZ04,16,100000045115,component,2011-10-30,12,2023-10-30 00:00:00.000000,2199-01-01,operation,2027-12-31 00:00:00,ПВЕО,plug,2199-01-01,,2023-10-30,2335
4210,1100.0,"АО ""Полюс Красноярск""",E06_01,Автогрейдеры,Автогрейдер ГС-25,11-RUD-CGTR-SETT-UDST-OS03,21,100000065907,head,2011-10-19,12,2023-10-19 00:00:00.000000,2023-02-01,operation,2027-12-31 00:00:00,УСТН,СИНХ,2199-01-01,,2023-02-01,2356
4212,1100.0,"АО ""Полюс Красноярск""",,,,11-RUD-CGTR-SETT-UDST-OS03,21,100000045178,component,2011-10-19,12,2023-10-19 00:00:00.000000,2199-01-01,operation,2027-12-31 00:00:00,ПВЕО,plug,2199-01-01,,2023-10-19,2357
4213,1100.0,"АО ""Полюс Красноярск""",,,,11-RUD-CGTR-SETT-UDST-OS03,21,100000045179,component,2011-10-19,12,2023-10-19 00:00:00.000000,2199-01-01,operation,2027-12-31 00:00:00,ПВЕО,plug,2199-01-01,,2023-10-19,2358
4226,1100.0,"АО ""Полюс Красноярск""",E03_02,Экскаваторы электрические,Экскаваторы ЭКГ-10,11-RUD-VOST-UGVS-E102,08,100000062744,head,1998-04-01,12,2010-04-01 00:00:00.000000,2023-01-01,operation,2027-12-31 00:00:00,УСТН,СИНХ,2199-01-01,,2023-01-01,2367
4248,1100.0,"АО ""Полюс Красноярск""",E03_02,Экскаваторы электрические,Экскаваторы ЭКГ-10,11-RUD-VOST-UGVS-E103,09,100000062745,head,1998-04-01,12,2010-04-01 00:00:00.000000,2023-01-01,operation,2027-12-31 00:00:00,УСТН,СИНХ,2199-01-01,,2023-01-01,2375
4270,1100.0,"АО ""Полюс Красноярск""",E03_02,Экскаваторы электрические,Экскаваторы ЭКГ-10,11-RUD-VOST-UGVS-E104,10,100000062746,head,1999-04-01,12,2011-04-01 00:00:00.000000,2023-01-01,operation,2027-12-31 00:00:00,УСТН,СИНХ,2199-01-01,,2023-01-01,2377
4313,1100.0,"АО ""Полюс Красноярск""",,,,11-RUD-VOST-UGVS-E109,24,100000043578,component,2011-01-31,12,2023-01-31 00:00:00.000000,2199-01-01,operation,2027-12-31 00:00:00,ПВЕО,КМПН,2199-01-01,,2023-01-31,2380
4314,1100.0,"АО ""Полюс Красноярск""",,,,11-RUD-VOST-UGVS-E109,24,100000043648,component,2011-01-31,12,2023-01-31 00:00:00.000000,2199-01-01,operation,2027-12-31 00:00:00,ПВЕО,КМПН,2199-01-01,,2023-01-31,2381
4315,1100.0,"АО ""Полюс Красноярск""",,,,11-RUD-VOST-UGVS-E109,24,100000043265,component,2011-01-31,12,2023-01-31 00:00:00.000000,2199-01-01,operation,2027-12-31 00:00:00,ПВЕО,plug,2199-01-01,,2023-01-31,2382
4316,1100.0,"АО ""Полюс Красноярск""",,,,11-RUD-VOST-UGVS-E109,24,100000043294,component,2011-01-31,12,2023-01-31 00:00:00.000000,2199-01-01,operation,2027-12-31 00:00:00,ПВЕО,plug,2199-01-01,,2023-01-31,2383
4317,1100.0,"АО ""Полюс Красноярск""",,,,11-RUD-VOST-UGVS-E109,24,100000043322,component,2011-01-31,12,2023-01-31 00:00:00.000000,2199-01-01,operation,2027-12-31 00:00:00,ПВЕО,plug,2199-01-01,,2023-01-31,2384
4318,1100.0,"АО ""Полюс Красноярск""",,,,11-RUD-VOST-UGVS-E109,24,100000043350,component,2011-01-31,12,2023-01-31 00:00:00.000000,2199-01-01,operation,2027-12-31 00:00:00,ПВЕО,plug,2199-01-01,,2023-01-31,2385
4319,1100.0,"АО ""Полюс Красноярск""",,,,11-RUD-VOST-UGVS-E109,24,100000043377,component,2011-01-31,12,2023-01-31 00:00:00.000000,2199-01-01,operation,2027-12-31 00:00:00,ПВЕО,plug,2199-01-01,,2023-01-31,2386
4320,1100.0,"АО ""Полюс Красноярск""",,,,11-RUD-VOST-UGVS-E109,24,100000043601,component,2011-01-31,12,2023-01-31 00:00:00.000000,2199-01-01,operation,2027-12-31 00:00:00,ПВЕО,КМПН,2199-01-01,,2023-01-31,2387
4321,1100.0,"АО ""Полюс Красноярск""",,,,11-RUD-VOST-UGVS-E109,24,100000043625,component,2011-01-31,12,2023-01-31 00:00:00.000000,2199-01-01,operation,2027-12-31 00:00:00,ПВЕО,КМПН,2199-01-01,,2023-01-31,2388
4322,1100.0,"АО ""Полюс Красноярск""",,,,11-RUD-VOST-UGVS-E109,24,100000043701,component,2011-01-31,12,2023-01-31 00:00:00.000000,2199-01-01,operation,2027-12-31 00:00:00,ПВЕО,plug,2199-01-01,,2023-01-31,2389
4323,1100.0,"АО ""Полюс Красноярск""",,,,11-RUD-VOST-UGVS-E109,24,100000043729,component,2011-01-31,12,2023-01-31 00:00:00.000000,2199-01-01,operation,2027-12-31 00:00:00,ПВЕО,plug,2199-01-01,,2023-01-31,2390
4325,1100.0,"АО ""Полюс Красноярск""",,,,11-RUD-VOST-UGVS-E109,24,100000043405,component,2011-01-31,12,2023-01-31 00:00:00.000000,2199-01-01,operation,2027-12-31 00:00:00,ПВЕО,КМПН,2199-01-01,,2023-01-31,2392
4326,1100.0,"АО ""Полюс Красноярск""",,,,11-RUD-VOST-UGVS-E109,24,100000043430,component,2011-01-31,12,2023-01-31 00:00:00.000000,2199-01-01,operation,2027-12-31 00:00:00,ПВЕО,КМПН,2199-01-01,,2023-01-31,2393
4327,1100.0,"АО ""Полюс Красноярск""",,,,11-RUD-VOST-UGVS-E109,24,100000043453,component,2011-01-31,12,2023-01-31 00:00:00.000000,2199-01-01,operation,2027-12-31 00:00:00,ПВЕО,КМПН,2199-01-01,,2023-01-31,2394
4328,1100.0,"АО ""Полюс Красноярск""",,,,11-RUD-VOST-UGVS-E109,24,100000043476,component,2011-01-31,12,2023-01-31 00:00:00.000000,2199-01-01,operation,2027-12-31 00:00:00,ПВЕО,КМПН,2199-01-01,,2023-01-31,2395
4329,1100.0,"АО ""Полюс Красноярск""",,,,11-RUD-VOST-UGVS-E109,24,100000043499,component,2011-01-31,12,2023-01-31 00:00:00.000000,2199-01-01,operation,2027-12-31 00:00:00,ПВЕО,КМПН,2199-01-01,,2023-01-31,2396
4330,1100.0,"АО ""Полюс Красноярск""",,,,11-RUD-VOST-UGVS-E109,24,100000043521,component,2011-01-31,12,2023-01-31 00:00:00.000000,2199-01-01,operation,2027-12-31 00:00:00,ПВЕО,КМПН,2199-01-01,,2023-01-31,2397
4331,1100.0,"АО ""Полюс Красноярск""",,,,11-RUD-VOST-UGVS-E109,24,100000043550,component,2011-01-31,12,2023-01-31 00:00:00.000000,2199-01-01,operation,2027-12-31 00:00:00,ПВЕО,КМПН,2199-01-01,,2023-01-31,2398
4332,1100.0,"АО ""Полюс Красноярск""",,,,11-RUD-VOST-UGVS-E109,24,100000043672,component,2011-01-31,12,2023-01-31 00:00:00.000000,2199-01-01,operation,2027-12-31 00:00:00,ПВЕО,КМПН,2199-01-01,,2023-01-31,2399
4334,1100.0,"АО ""Полюс Красноярск""",,,,11-RUD-VOST-UGVS-E110,27,100000043579,component,2011-11-30,12,2023-11-30 00:00:00.000000,2199-01-01,operation,2027-12-31 00:00:00,ПВЕО,КМПН,2199-01-01,,2023-11-30,2401
4335,1100.0,"АО ""Полюс Красноярск""",,,,11-RUD-VOST-UGVS-E110,27,100000043266,component,2011-11-30,12,2023-11-30 00:00:00.000000,2199-01-01,operation,2027-12-31 00:00:00,ПВЕО,plug,2199-01-01,,2023-11-30,2402
4336,1100.0,"АО ""Полюс Красноярск""",,,,11-RUD-VOST-UGVS-E110,27,100000043295,component,2011-11-30,12,2023-11-30 00:00:00.000000,2199-01-01,operation,2027-12-31 00:00:00,ПВЕО,plug,2199-01-01,,2023-11-30,2403
4337,1100.0,"АО ""Полюс Красноярск""",,,,11-RUD-VOST-UGVS-E110,27,100000043323,component,2011-11-30,12,2023-11-30 00:00:00.000000,2199-01-01,operation,2027-12-31 00:00:00,ПВЕО,plug,2199-01-01,,2023-11-30,2404
4338,1100.0,"АО ""Полюс Красноярск""",,,,11-RUD-VOST-UGVS-E110,27,100000043351,component,2011-11-30,12,2023-11-30 00:00:00.000000,2199-01-01,operation,2027-12-31 00:00:00,ПВЕО,plug,2199-01-01,,2023-11-30,2405
4339,1100.0,"АО ""Полюс Красноярск""",,,,11-RUD-VOST-UGVS-E110,27,100000043378,component,2011-11-30,12,2023-11-30 00:00:00.000000,2199-01-01,operation,2027-12-31 00:00:00,ПВЕО,plug,2199-01-01,,2023-11-30,2406
4340,1100.0,"АО ""Полюс Красноярск""",,,,11-RUD-VOST-UGVS-E110,27,100000043602,component,2011-11-30,12,2023-11-30 00:00:00.000000,2199-01-01,operation,2027-12-31 00:00:00,ПВЕО,КМПН,2199-01-01,,2023-11-30,2407
4341,1100.0,"АО ""Полюс Красноярск""",,,,11-RUD-VOST-UGVS-E110,27,100000043626,component,2011-11-30,12,2023-11-30 00:00:00.000000,2199-01-01,operation,2027-12-31 00:00:00,ПВЕО,КМПН,2199-01-01,,2023-11-30,2408
4342,1100.0,"АО ""Полюс Красноярск""",,,,11-RUD-VOST-UGVS-E110,27,100000043649,component,2011-11-30,12,2023-11-30 00:00:00.000000,2199-01-01,operation,2027-12-31 00:00:00,ПВЕО,КМПН,2199-01-01,,2023-11-30,2409
4343,1100.0,"АО ""Полюс Красноярск""",,,,11-RUD-VOST-UGVS-E110,27,100000043673,component,2011-11-30,12,2023-11-30 00:00:00.000000,2199-01-01,operation,2027-12-31 00:00:00,ПВЕО,КМПН,2199-01-01,,2023-11-30,2410
4344,1100.0,"АО ""Полюс Красноярск""",,,,11-RUD-VOST-UGVS-E110,27,100000043702,component,2011-11-30,12,2023-11-30 00:00:00.000000,2199-01-01,operation,2027-12-31 00:00:00,ПВЕО,plug,2199-01-01,,2023-11-30,2411
4345,1100.0,"АО ""Полюс Красноярск""",,,,11-RUD-VOST-UGVS-E110,27,100000043730,component,2011-11-30,12,2023-11-30 00:00:00.000000,2199-01-01,operation,2027-12-31 00:00:00,ПВЕО,plug,2199-01-01,,2023-11-30,2412
4346,1100.0,"АО ""Полюс Красноярск""",,,,11-RUD-VOST-UGVS-E110,27,100000043406,component,2011-11-30,12,2023-11-30 00:00:00.000000,2199-01-01,operation,2027-12-31 00:00:00,ПВЕО,КМПН,2199-01-01,,2023-11-30,2413
4347,1100.0,"АО ""Полюс Красноярск""",,,,11-RUD-VOST-UGVS-E110,27,100000043431,component,2011-11-30,12,2023-11-30 00:00:00.000000,2199-01-01,operation,2027-12-31 00:00:00,ПВЕО,КМПН,2199-01-01,,2023-11-30,2414
4348,1100.0,"АО ""Полюс Красноярск""",,,,11-RUD-VOST-UGVS-E110,27,100000043454,component,2011-11-30,12,2023-11-30 00:00:00.000000,2199-01-01,operation,2027-12-31 00:00:00,ПВЕО,КМПН,2199-01-01,,2023-11-30,2415
4349,1100.0,"АО ""Полюс Красноярск""",,,,11-RUD-VOST-UGVS-E110,27,100000043477,component,2011-11-30,12,2023-11-30 00:00:00.000000,2199-01-01,operation,2027-12-31 00:00:00,ПВЕО,КМПН,2199-01-01,,2023-11-30,2416
4350,1100.0,"АО ""Полюс Красноярск""",,,,11-RUD-VOST-UGVS-E110,27,100000043500,component,2011-11-30,12,2023-11-30 00:00:00.000000,2199-01-01,operation,2027-12-31 00:00:00,ПВЕО,КМПН,2199-01-01,,2023-11-30,2417
4351,1100.0,"АО ""Полюс Красноярск""",,,,11-RUD-VOST-UGVS-E110,27,100000043522,component,2011-11-30,12,2023-11-30 00:00:00.000000,2199-01-01,operation,2027-12-31 00:00:00,ПВЕО,КМПН,2199-01-01,,2023-11-30,2418
4352,1100.0,"АО ""Полюс Красноярск""",,,,11-RUD-VOST-UGVS-E110,27,100000043551,component,2011-11-30,12,2023-11-30 00:00:00.000000,2199-01-01,operation,2027-12-31 00:00:00,ПВЕО,КМПН,2199-01-01,,2023-11-30,2419
4401,1100.0,"АО ""Полюс Красноярск""",E03_02,Экскаваторы электрические,Экскаваторы ЭКГ-5А,11-RUD-VOST-UGVS-E502,11,100000062754,head,2009-01-01,12,2021-01-01 00:00:00.000000,2023-01-01,operation,2027-12-31 00:00:00,УСТН,СИНХ,2199-01-01,,2023-01-01,2458
4422,1100.0,"АО ""Полюс Красноярск""",E03_02,Экскаваторы электрические,Экскаваторы ЭКГ-5А,11-RUD-VOST-UGVS-E503,23,100000062729,head,2010-07-15,12,2022-07-15 00:00:00.000000,2023-01-01,operation,2027-12-31 00:00:00,УСТН,СИНХ,2199-01-01,,2023-01-01,2459
4444,1100.0,"АО ""Полюс Красноярск""",E03_01,Экскаваторы гидравлические,Экскаваторы PC3000-6,11-RUD-VOST-UGVS-P601,501,100000062728,head,2009-11-30,12,2021-11-30 00:00:00.000000,2023-01-01,operation,2027-12-31 00:00:00,УСТН,СИНХ,2199-01-01,,2023-01-01,2479
4455,1100.0,"АО ""Полюс Красноярск""",E03_01,Экскаваторы гидравлические,Экскаваторы PC1250-7,11-RUD-VOST-UGVS-P701,04,100000062752,head,2007-12-12,12,2019-12-12 00:00:00.000000,2023-01-01,operation,2027-12-31 00:00:00,УСТН,СИНХ,2199-01-01,,2023-01-01,2481
1969,1100.0,"АО ""Полюс Красноярск""",,,,,425,100000039234,component,2011-05-26,12,2023-05-26 00:00:00.000000,2199-01-01,operation,2027-12-31 00:00:00,НАСК,КМПН,2199-01-01,,2023-05-26,2653
2278,1100.0,"АО ""Полюс Красноярск""",,,,,507,100000055971,component,2011-01-31,12,2023-01-31 00:00:00.000000,2199-01-01,operation,2027-12-31 00:00:00,НАСК,plug,2199-01-01,,2023-01-31,2671
2284,1100.0,"АО ""Полюс Красноярск""",,,,,508,100000055924,component,2011-02-28,12,2023-02-28 00:00:00.000000,2199-01-01,operation,2027-12-31 00:00:00,НАСК,plug,2199-01-01,,2023-02-28,2672
2298,1100.0,"АО ""Полюс Красноярск""",,,,,509,100000038429,component,2011-02-28,12,2023-02-28 00:00:00.000000,2199-01-01,operation,2027-12-31 00:00:00,НАСК,КМПН,2199-01-01,,2023-02-28,2673
2352,1100.0,"АО ""Полюс Красноярск""",,,,,516,100000055952,component,2011-05-20,12,2023-05-20 00:00:00.000000,2199-01-01,operation,2027-12-31 00:00:00,НАСК,plug,2199-01-01,,2023-05-20,2674
2382,1100.0,"АО ""Полюс Красноярск""",,,,,519,100000038778,component,2011-04-30,12,2023-04-30 00:00:00.000000,2199-01-01,operation,2027-12-31 00:00:00,НАСК,КМПН,2199-01-01,,2023-04-30,2675
16,1200.0,"АО ""Полюс Вернинское""",E01_01,Самосвалы карьерные,Самосвалы Komatsu HD785-7,03-CTT-KD01,1609,100000008666,head,2012-10-04,12,2024-10-04 00:00:00.000000,2023-12-31,operation,2027-12-31 00:00:00,УСТН,plug,2199-01-01,,2023-12-31,2741
24,1200.0,"АО ""Полюс Вернинское""",E01_01,Самосвалы карьерные,Самосвалы Komatsu HD785-7,03-CTT-KD02,1610,100000008667,head,2012-10-14,12,2024-10-14 00:00:00.000000,2023-12-31,operation,2027-12-31 00:00:00,УСТН,plug,2199-01-01,,2023-12-31,2743
27,1200.0,"АО ""Полюс Вернинское""",,,,03-CTT-KD02,1610,100000009782,component,2012-10-14,12,2024-10-14 00:00:00.000000,2023-11-17,operation,2027-12-31 00:00:00,ПВЕО,КМПН,2199-01-01,,2023-11-17,2745
34,1200.0,"АО ""Полюс Вернинское""",,,,03-CTT-KD03,1611,100000010301,component,2013-01-30,12,2025-01-30 00:00:00.000000,2023-01-30,operation,2027-12-31 00:00:00,ПВЕО,КМПН,2199-01-01,,2023-01-30,2750
36,1200.0,"АО ""Полюс Вернинское""",,,,03-CTT-KD03,1611,100000009786,component,2013-01-30,12,2025-01-30 00:00:00.000000,2023-01-30,operation,2027-12-31 00:00:00,ПВЕО,plug,2199-01-01,,2023-01-30,2752
37,1200.0,"АО ""Полюс Вернинское""",,,,03-CTT-KD03,1611,100000009787,component,2013-01-30,12,2025-01-30 00:00:00.000000,2023-01-30,operation,2027-12-31 00:00:00,ПВЕО,КМПН,2199-01-01,,2023-01-30,2753
38,1200.0,"АО ""Полюс Вернинское""",,,,03-CTT-KD03,1611,100000009788,component,2013-01-30,12,2025-01-30 00:00:00.000000,2023-01-30,operation,2027-12-31 00:00:00,ПВЕО,КМПН,2199-01-01,,2023-01-30,2754
39,1200.0,"АО ""Полюс Вернинское""",,,,03-CTT-KD03,1611,100000009789,component,2013-01-30,12,2025-01-30 00:00:00.000000,2023-01-30,operation,2027-12-31 00:00:00,ПВЕО,КМПН,2199-01-01,,2023-01-30,2755
42,1200.0,"АО ""Полюс Вернинское""",,,,03-CTT-KD04,1612,100000009795,component,2013-01-30,12,2025-01-30 00:00:00.000000,2023-01-30,operation,2027-12-31 00:00:00,ПВЕО,plug,2199-01-01,,2023-01-30,2758
43,1200.0,"АО ""Полюс Вернинское""",,,,03-CTT-KD04,1612,100000010302,component,2013-01-30,12,2025-01-30 00:00:00.000000,2023-01-30,operation,2027-12-31 00:00:00,ПВЕО,КМПН,2199-01-01,,2023-01-30,2759
44,1200.0,"АО ""Полюс Вернинское""",,,,03-CTT-KD04,1612,100000009793,component,2013-01-30,12,2025-01-30 00:00:00.000000,2023-09-30,operation,2027-12-31 00:00:00,ПВЕО,КМПН,2199-01-01,,2023-09-30,2760
45,1200.0,"АО ""Полюс Вернинское""",,,,03-CTT-KD04,1612,100000009791,component,2013-01-30,12,2025-01-30 00:00:00.000000,2023-01-30,operation,2027-12-31 00:00:00,ПВЕО,КМПН,2199-01-01,,2023-01-30,2761
46,1200.0,"АО ""Полюс Вернинское""",,,,03-CTT-KD04,1612,100000009792,component,2013-01-30,12,2025-01-30 00:00:00.000000,2023-01-30,operation,2027-12-31 00:00:00,ПВЕО,КМПН,2199-01-01,,2023-01-30,2762
47,1200.0,"АО ""Полюс Вернинское""",,,,03-CTT-KD04,1612,100000009794,component,2013-01-30,12,2025-01-30 00:00:00.000000,2023-09-30,operation,2027-12-31 00:00:00,ПВЕО,КМПН,2199-01-01,,2023-09-30,2763
50,1200.0,"АО ""Полюс Вернинское""",,,,03-CTT-KD05,1613,100000010303,component,2013-02-28,12,2025-02-28 00:00:00.000000,2023-02-28,operation,2027-12-31 00:00:00,ПВЕО,КМПН,2199-01-01,,2023-02-28,2766
51,1200.0,"АО ""Полюс Вернинское""",,,,03-CTT-KD05,1613,100000009796,component,2013-02-28,12,2025-02-28 00:00:00.000000,2023-03-01,operation,2027-12-31 00:00:00,ПВЕО,plug,2199-01-01,,2023-03-01,2767
52,1200.0,"АО ""Полюс Вернинское""",,,,03-CTT-KD05,1613,100000009797,component,2013-02-28,12,2025-02-28 00:00:00.000000,2023-03-02,operation,2027-12-31 00:00:00,ПВЕО,КМПН,2199-01-01,,2023-03-02,2768
53,1200.0,"АО ""Полюс Вернинское""",,,,03-CTT-KD05,1613,100000009798,component,2013-02-28,12,2025-02-28 00:00:00.000000,2023-03-03,operation,2027-12-31 00:00:00,ПВЕО,КМПН,2199-01-01,,2023-03-03,2769
54,1200.0,"АО ""Полюс Вернинское""",,,,03-CTT-KD05,1613,100000009799,component,2013-02-28,12,2025-02-28 00:00:00.000000,2023-03-04,operation,2027-12-31 00:00:00,ПВЕО,КМПН,2199-01-01,,2023-03-04,2770
55,1200.0,"АО ""Полюс Вернинское""",,,,03-CTT-KD05,1613,100000009800,component,2013-02-28,12,2025-02-28 00:00:00.000000,2023-03-05,operation,2027-12-31 00:00:00,ПВЕО,КМПН,2199-01-01,,2023-03-05,2771
58,1200.0,"АО ""Полюс Вернинское""",,,,03-CTT-KD06,1614,100000009803,component,2013-03-29,12,2025-03-29 00:00:00.000000,2023-03-29,operation,2027-12-31 00:00:00,ПВЕО,КМПН,2199-01-01,,2023-03-29,2774
59,1200.0,"АО ""Полюс Вернинское""",,,,03-CTT-KD06,1614,100000010304,component,2013-03-29,12,2025-03-29 00:00:00.000000,2023-03-29,operation,2027-12-31 00:00:00,ПВЕО,КМПН,2199-01-01,,2023-03-29,2775
60,1200.0,"АО ""Полюс Вернинское""",,,,03-CTT-KD06,1614,100000009804,component,2013-03-29,12,2025-03-29 00:00:00.000000,2023-03-29,operation,2027-12-31 00:00:00,ПВЕО,КМПН,2199-01-01,,2023-03-29,2776
61,1200.0,"АО ""Полюс Вернинское""",,,,03-CTT-KD06,1614,100000009805,component,2013-03-29,12,2025-03-29 00:00:00.000000,2023-03-29,operation,2027-12-31 00:00:00,ПВЕО,plug,2199-01-01,,2023-03-29,2777
63,1200.0,"АО ""Полюс Вернинское""",,,,03-CTT-KD06,1614,100000009802,component,2013-03-29,12,2025-03-29 00:00:00.000000,2023-03-29,operation,2027-12-31 00:00:00,ПВЕО,КМПН,2199-01-01,,2023-03-29,2778
66,1200.0,"АО ""Полюс Вернинское""",,,,03-CTT-KD07,1615,100000009806,component,2013-04-26,12,2025-04-26 00:00:00.000000,2023-04-26,operation,2027-12-31 00:00:00,ПВЕО,plug,2199-01-01,,2023-04-26,2781
67,1200.0,"АО ""Полюс Вернинское""",,,,03-CTT-KD07,1615,100000009807,component,2013-04-26,12,2025-04-26 00:00:00.000000,2023-04-26,operation,2027-12-31 00:00:00,ПВЕО,КМПН,2199-01-01,,2023-04-26,2782
68,1200.0,"АО ""Полюс Вернинское""",,,,03-CTT-KD07,1615,100000010305,component,2013-04-26,12,2025-04-26 00:00:00.000000,2023-04-26,operation,2027-12-31 00:00:00,ПВЕО,КМПН,2199-01-01,,2023-04-26,2783
70,1200.0,"АО ""Полюс Вернинское""",,,,03-CTT-KD07,1615,100000009808,component,2013-04-26,12,2025-04-26 00:00:00.000000,2023-04-26,operation,2027-12-31 00:00:00,ПВЕО,КМПН,2199-01-01,,2023-04-26,2785
71,1200.0,"АО ""Полюс Вернинское""",,,,03-CTT-KD07,1615,100000009809,component,2013-04-26,12,2025-04-26 00:00:00.000000,2023-04-26,operation,2027-12-31 00:00:00,ПВЕО,КМПН,2199-01-01,,2023-04-26,2786
112,1200.0,"АО ""Полюс Вернинское""",,,,03-CTT-KM01,1621,100000009821,component,2019-03-01,12,2031-03-01 00:00:00.000000,2023-03-01,operation,2027-12-31 00:00:00,ПВЕО,КМПН,2199-01-01,,2023-03-01,2793
115,1200.0,"АО ""Полюс Вернинское""",,,,03-CTT-KM01,1621,100000009822,component,2019-03-01,12,2031-03-01 00:00:00.000000,2023-03-01,operation,2027-12-31 00:00:00,ПВЕО,КМПН,2199-01-01,,2023-03-01,2796
120,1200.0,"АО ""Полюс Вернинское""",,,,03-CTT-KM02,1622,100000009830,component,2019-03-01,12,2031-03-01 00:00:00.000000,2023-03-01,operation,2027-12-31 00:00:00,ПВЕО,КМПН,2199-01-01,,2023-03-01,2801
123,1200.0,"АО ""Полюс Вернинское""",,,,03-CTT-KM02,1622,100000009829,component,2019-03-01,12,2031-03-01 00:00:00.000000,2023-03-01,operation,2027-12-31 00:00:00,ПВЕО,КМПН,2199-01-01,,2023-03-01,2804
127,1200.0,"АО ""Полюс Вернинское""",,,,03-CTT-KM03,1623,100000009831,component,2019-03-01,12,2031-03-01 00:00:00.000000,2023-03-01,operation,2027-12-31 00:00:00,ПВЕО,КМПН,2199-01-01,,2023-03-01,2808
131,1200.0,"АО ""Полюс Вернинское""",,,,03-CTT-KM03,1623,100000009832,component,2019-03-01,12,2031-03-01 00:00:00.000000,2023-03-01,operation,2027-12-31 00:00:00,ПВЕО,КМПН,2199-01-01,,2023-03-01,2812
135,1200.0,"АО ""Полюс Вернинское""",,,,03-CTT-KM04,1624,100000021365,component,2020-03-31,12,2032-03-31 00:00:00.000000,2023-03-31,operation,2027-12-31 00:00:00,ПВЕО,КМПН,2199-01-01,,2023-03-31,2816
136,1200.0,"АО ""Полюс Вернинское""",,,,03-CTT-KM04,1624,100000021366,component,2020-03-31,12,2032-03-31 00:00:00.000000,2023-03-31,operation,2027-12-31 00:00:00,ПВЕО,КМПН,2199-01-01,,2023-03-31,2817
144,1200.0,"АО ""Полюс Вернинское""",,,,03-CTT-KM05,1625,100000021372,component,2020-03-31,12,2032-03-31 00:00:00.000000,2023-03-31,operation,2027-12-31 00:00:00,ПВЕО,КМПН,2199-01-01,,2023-03-31,2825
147,1200.0,"АО ""Полюс Вернинское""",,,,03-CTT-KM05,1625,100000021371,component,2020-03-31,12,2032-03-31 00:00:00.000000,2023-03-31,operation,2027-12-31 00:00:00,ПВЕО,КМПН,2199-01-01,,2023-03-31,2828
152,1200.0,"АО ""Полюс Вернинское""",,,,03-CTT-KM06,1626,100000023801,component,2020-08-01,12,2032-08-01 00:00:00.000000,2023-08-01,operation,2027-12-31 00:00:00,ПВЕО,КМПН,2199-01-01,,2023-08-01,2833
155,1200.0,"АО ""Полюс Вернинское""",,,,03-CTT-KM06,1626,100000023797,component,2020-08-01,12,2032-08-01 00:00:00.000000,2023-08-01,operation,2027-12-31 00:00:00,ПВЕО,КМПН,2199-01-01,,2023-08-01,2836
158,1200.0,"АО ""Полюс Вернинское""",,,,03-CTT-KM07,1627,100000068305,component,2021-01-01,12,2033-01-01 00:00:00.000000,2023-08-01,operation,2027-12-31 00:00:00,ПВЕО,КМПН,2199-01-01,,2023-08-01,2839
159,1200.0,"АО ""Полюс Вернинское""",,,,03-CTT-KM07,1627,100000068306,component,2021-01-01,12,2033-01-01 00:00:00.000000,2023-08-01,operation,2027-12-31 00:00:00,ПВЕО,КМПН,2199-01-01,,2023-08-01,2840
165,1200.0,"АО ""Полюс Вернинское""",,,,03-CTT-KM08,1628,100000068310,component,2021-01-01,12,2033-01-01 00:00:00.000000,2023-08-01,operation,2027-12-31 00:00:00,ПВЕО,КМПН,2199-01-01,,2023-08-01,2846
166,1200.0,"АО ""Полюс Вернинское""",,,,03-CTT-KM08,1628,100000068311,component,2021-01-01,12,2033-01-01 00:00:00.000000,2023-08-01,operation,2027-12-31 00:00:00,ПВЕО,КМПН,2199-01-01,,2023-08-01,2847
172,1200.0,"АО ""Полюс Вернинское""",,,,03-CTT-KM09,1629,100000068277,component,2020-12-20,12,2032-12-20 00:00:00.000000,2023-08-01,operation,2027-12-31 00:00:00,ПВЕО,КМПН,2199-01-01,,2023-08-01,2853
173,1200.0,"АО ""Полюс Вернинское""",,,,03-CTT-KM09,1629,100000068278,component,2020-12-20,12,2032-12-20 00:00:00.000000,2023-08-01,operation,2027-12-31 00:00:00,ПВЕО,КМПН,2199-01-01,,2023-08-01,2854
178,1200.0,"АО ""Полюс Вернинское""",,,,03-CTT-KM10,1630,100000071922,component,2022-01-01,12,2034-01-01 00:00:00.000000,2023-08-01,operation,2027-12-31 00:00:00,ПВЕО,КМПН,2199-01-01,,2023-08-01,2859
179,1200.0,"АО ""Полюс Вернинское""",,,,03-CTT-KM10,1630,100000071925,component,2022-01-01,12,2034-01-01 00:00:00.000000,2023-08-01,operation,2027-12-31 00:00:00,ПВЕО,КМПН,2199-01-01,,2023-08-01,2860
251,1200.0,"АО ""Полюс Вернинское""",,,,03-RUD-EKSK-OOBR-EX01,1203,100000010234,component,2013-02-28,12,2025-02-28 00:00:00.000000,2023-02-28,operation,2027-12-31 00:00:00,ПВЕО,КМПН,2199-01-01,,2023-02-28,2930
252,1200.0,"АО ""Полюс Вернинское""",,,,03-RUD-EKSK-OOBR-EX01,1203,100000010235,component,2013-02-28,12,2025-02-28 00:00:00.000000,2023-02-28,operation,2027-12-31 00:00:00,ПВЕО,КМПН,2199-01-01,,2023-02-28,2931
253,1200.0,"АО ""Полюс Вернинское""",,,,03-RUD-EKSK-OOBR-EX01,1203,100000010236,component,2013-02-28,12,2025-02-28 00:00:00.000000,2023-02-28,operation,2027-12-31 00:00:00,ПВЕО,КМПН,2199-01-01,,2023-02-28,2932
254,1200.0,"АО ""Полюс Вернинское""",,,,03-RUD-EKSK-OOBR-EX01,1203,100000010237,component,2013-02-28,12,2025-02-28 00:00:00.000000,2023-02-28,operation,2027-12-31 00:00:00,ПВЕО,КМПН,2199-01-01,,2023-02-28,2933
255,1200.0,"АО ""Полюс Вернинское""",,,,03-RUD-EKSK-OOBR-EX01,1203,100000010238,component,2013-02-28,12,2025-02-28 00:00:00.000000,2023-02-28,operation,2027-12-31 00:00:00,ПВЕО,plug,2199-01-01,,2023-02-28,2934
256,1200.0,"АО ""Полюс Вернинское""",,,,03-RUD-EKSK-OOBR-EX01,1203,100000010394,component,2013-02-28,12,2025-02-28 00:00:00.000000,2023-02-28,operation,2027-12-31 00:00:00,ПВЕО,plug,2199-01-01,,2023-02-28,2935
257,1200.0,"АО ""Полюс Вернинское""",,,,03-RUD-EKSK-OOBR-EX01,1203,100000010395,component,2013-02-28,12,2025-02-28 00:00:00.000000,2023-02-28,operation,2027-12-31 00:00:00,ПВЕО,plug,2199-01-01,,2023-02-28,2936
374,1200.0,"АО ""Полюс Вернинское""",,,,03-RUD-EKSK-VOBR-EX01,1201,100000010239,component,2013-04-26,12,2025-04-26 00:00:00.000000,2023-04-26,operation,2027-12-31 00:00:00,ПВЕО,КМПН,2199-01-01,,2023-04-26,3021
375,1200.0,"АО ""Полюс Вернинское""",,,,03-RUD-EKSK-VOBR-EX01,1201,100000010240,component,2013-04-26,12,2025-04-26 00:00:00.000000,2023-04-26,operation,2027-12-31 00:00:00,ПВЕО,КМПН,2199-01-01,,2023-04-26,3022
376,1200.0,"АО ""Полюс Вернинское""",,,,03-RUD-EKSK-VOBR-EX01,1201,100000010241,component,2013-04-26,12,2025-04-26 00:00:00.000000,2023-04-26,operation,2027-12-31 00:00:00,ПВЕО,КМПН,2199-01-01,,2023-04-26,3023
377,1200.0,"АО ""Полюс Вернинское""",,,,03-RUD-EKSK-VOBR-EX01,1201,100000010242,component,2013-04-26,12,2025-04-26 00:00:00.000000,2023-04-26,operation,2027-12-31 00:00:00,ПВЕО,КМПН,2199-01-01,,2023-04-26,3024
378,1200.0,"АО ""Полюс Вернинское""",,,,03-RUD-EKSK-VOBR-EX01,1201,100000010243,component,2013-04-26,12,2025-04-26 00:00:00.000000,2023-04-26,operation,2027-12-31 00:00:00,ПВЕО,plug,2199-01-01,,2023-04-26,3025
381,1200.0,"АО ""Полюс Вернинское""",,,,03-RUD-EKSK-VOBR-EX02,1202,100000010244,component,2013-04-26,12,2025-04-26 00:00:00.000000,2023-04-26,operation,2027-12-31 00:00:00,ПВЕО,КМПН,2199-01-01,,2023-04-26,3028
382,1200.0,"АО ""Полюс Вернинское""",,,,03-RUD-EKSK-VOBR-EX02,1202,100000010245,component,2013-04-26,12,2025-04-26 00:00:00.000000,2023-04-26,operation,2027-12-31 00:00:00,ПВЕО,КМПН,2199-01-01,,2023-04-26,3029
383,1200.0,"АО ""Полюс Вернинское""",,,,03-RUD-EKSK-VOBR-EX02,1202,100000010246,component,2013-04-26,12,2025-04-26 00:00:00.000000,2023-04-26,operation,2027-12-31 00:00:00,ПВЕО,КМПН,2199-01-01,,2023-04-26,3030
384,1200.0,"АО ""Полюс Вернинское""",,,,03-RUD-EKSK-VOBR-EX02,1202,100000010247,component,2013-04-26,12,2025-04-26 00:00:00.000000,2023-04-26,operation,2027-12-31 00:00:00,ПВЕО,КМПН,2199-01-01,,2023-04-26,3031
385,1200.0,"АО ""Полюс Вернинское""",,,,03-RUD-EKSK-VOBR-EX02,1202,100000010248,component,2013-04-26,12,2025-04-26 00:00:00.000000,2023-04-26,operation,2027-12-31 00:00:00,ПВЕО,plug,2199-01-01,,2023-04-26,3032
410,1200.0,"АО ""Полюс Вернинское""",,,,03-RUD-EKSK-VOBR-EX06,1214,100000010264,component,2015-09-12,12,2027-09-12 00:00:00.000000,2023-09-12,operation,2027-12-31 00:00:00,ПВЕО,КМПН,2199-01-01,,2023-09-12,3045
412,1200.0,"АО ""Полюс Вернинское""",,,,03-RUD-EKSK-VOBR-EX07,1209,100000024459,component,2020-08-01,12,2032-08-01 00:00:00.000000,2023-08-01,operation,2027-12-31 00:00:00,ПВЕО,КМПН,2199-01-01,,2023-08-01,3047
427,1200.0,"АО ""Полюс Вернинское""",,,,03-RUD-EKSK-VOBR-LF02,1302,100000010149,component,2013-08-25,12,2025-08-25 00:00:00.000000,2023-08-25,operation,2027-12-31 00:00:00,ПВЕО,КМПН,2199-01-01,,2023-08-25,3060
428,1200.0,"АО ""Полюс Вернинское""",,,,03-RUD-EKSK-VOBR-LF02,1302,100000010147,component,2013-08-25,12,2025-08-25 00:00:00.000000,2023-08-25,operation,2027-12-31 00:00:00,ПВЕО,КМПН,2199-01-01,,2023-08-25,3061
429,1200.0,"АО ""Полюс Вернинское""",,,,03-RUD-EKSK-VOBR-LF02,1302,100000010148,component,2013-08-25,12,2025-08-25 00:00:00.000000,2023-08-25,operation,2027-12-31 00:00:00,ПВЕО,КМПН,2199-01-01,,2023-08-25,3062
439,1200.0,"АО ""Полюс Вернинское""",E17_11,Погрузчики фронтальные,Погрузчик фронтальный WA500-3,03-RUD-EKSK-VOBR-LF05,1309,100000008684,head,2014-04-30,12,2026-04-30 00:00:00.000000,2023-12-31,operation,2027-12-31 00:00:00,УСТН,plug,2199-01-01,,2023-12-31,3070
444,1200.0,"АО ""Полюс Вернинское""",E17_11,Погрузчики фронтальные,Погрузчик фронтальный WA500-3,03-RUD-EKSK-VOBR-LF06,1310,100000008685,head,2014-05-28,12,2026-05-28 00:00:00.000000,2023-12-31,operation,2027-12-31 00:00:00,УСТН,plug,2199-01-01,,2023-12-31,3072
457,1200.0,"АО ""Полюс Вернинское""",,,,03-RUD-EKSK-VOBR-LF08,1312,100000010167,component,2014-09-20,12,2026-09-20 00:00:00.000000,2023-09-20,operation,2027-12-31 00:00:00,ПВЕО,КМПН,2199-01-01,,2023-09-20,3075
465,1200.0,"АО ""Полюс Вернинское""",,,,03-RUD-EKSK-VOBR-LF11,1305,100000099332,component,2021-01-01,12,2033-01-01 00:00:00.000000,2023-03-27,operation,2027-12-31 00:00:00,ПВЕО,КМПН,2199-01-01,,2023-03-27,3083
467,1200.0,"АО ""Полюс Вернинское""",,,,03-RUD-EKSK-VOBR-LF12,1306,100000099882,component,2022-04-10,12,2034-04-10 00:00:00.000000,2023-03-27,operation,2027-12-31 00:00:00,ПВЕО,ВЗКП КМПН,2199-01-01,,2023-03-27,3085
501,1200.0,"АО ""Полюс Вернинское""",,,,03-RUD-UBVR-DR02,1103,100000009850,component,2008-12-29,12,2020-12-29 00:00:00.000000,2023-12-29,operation,2027-12-31 00:00:00,ПВЕО,plug,2199-01-01,,2023-12-29,3096
502,1200.0,"АО ""Полюс Вернинское""",,,,03-RUD-UBVR-DR02,1103,100000009851,component,2008-12-29,12,2020-12-29 00:00:00.000000,2023-12-29,operation,2027-12-31 00:00:00,ПВЕО,plug,2199-01-01,,2023-12-29,3097
505,1200.0,"АО ""Полюс Вернинское""",,,,03-RUD-UBVR-DR03,1104,100000009837,component,2021-09-14,12,2033-09-14 00:00:00.000000,2023-09-25,operation,2027-12-31 00:00:00,ПВЕО,plug,2199-01-01,,2023-09-25,3098
507,1200.0,"АО ""Полюс Вернинское""",E02_01,Станки буровые вращ. бур. шарошками,Станок буровой DM 45LP,03-RUD-UBVR-DR04,1105,100000009133,head,2007-12-30,12,2019-12-30 00:00:00.000000,2023-12-31,operation,2027-12-31 00:00:00,УСТН,plug,2199-01-01,,2023-12-31,3099
512,1200.0,"АО ""Полюс Вернинское""",E02_01,Станки буровые вращ. бур. шарошками,Станок буровой DML HP 1450,03-RUD-UBVR-DR05,1106,100000009134,head,2013-12-10,12,2025-12-10 00:00:00.000000,2023-12-31,operation,2027-12-31 00:00:00,УСТН,plug,2199-01-01,,2023-12-31,3101
517,1200.0,"АО ""Полюс Вернинское""",E02_01,Станки буровые вращ. бур. шарошками,Станок буровой DML HP 1450,03-RUD-UBVR-DR06,1107,100000009135,head,2013-12-10,12,2025-12-10 00:00:00.000000,2023-12-10,operation,2027-12-31 00:00:00,УСТН,plug,2199-01-01,,2023-12-10,3104
519,1200.0,"АО ""Полюс Вернинское""",,,,03-RUD-UBVR-DR06,1107,100000009845,component,2013-12-10,12,2025-12-10 00:00:00.000000,2023-12-10,operation,2027-12-31 00:00:00,ПВЕО,plug,2199-01-01,,2023-12-10,3106
520,1200.0,"АО ""Полюс Вернинское""",,,,03-RUD-UBVR-DR06,1107,100000009846,component,2013-12-10,12,2025-12-10 00:00:00.000000,2023-12-10,operation,2027-12-31 00:00:00,ПВЕО,plug,2199-01-01,,2023-12-10,3107
549,1200.0,"АО ""Полюс Вернинское""",,,,03-RUD-UBVR-DR09,1110,100000078528,component,2021-07-02,12,2033-07-02 00:00:00.000000,2023-05-20,operation,2027-12-31 00:00:00,ПВЕО,КМПН,2199-01-01,,2023-05-20,3135
562,1200.0,"АО ""Полюс Вернинское""",E05_02,Бульдозеры гусеничные,Бульдозер D9R,03-RUD-UVSP-BZ02,1402,100000009140,head,2021-09-10,12,2033-09-10 00:00:00.000000,2023-12-31,operation,2027-12-31 00:00:00,УСТН,plug,2199-01-01,,2023-12-31,3147
567,1200.0,"АО ""Полюс Вернинское""",E05_02,Бульдозеры гусеничные,Бульдозер D9R,03-RUD-UVSP-BZ03,1403,100000009141,head,2012-05-30,12,2024-05-30 00:00:00.000000,2023-12-31,operation,2027-12-31 00:00:00,УСТН,plug,2199-01-01,,2023-12-31,3151
569,1200.0,"АО ""Полюс Вернинское""",,,,03-RUD-UVSP-BZ03,1403,100000021407,component,2020-03-27,12,2032-03-27 00:00:00.000000,2023-03-27,operation,2027-12-31 00:00:00,ПВЕО,КМПН,2199-01-01,,2023-03-27,3153
574,1200.0,"АО ""Полюс Вернинское""",,,,03-RUD-UVSP-BZ04,1404,100000010219,component,2013-06-29,12,2025-06-29 00:00:00.000000,2023-06-29,operation,2027-12-31 00:00:00,ПВЕО,КМПН,2199-01-01,,2023-06-29,3156
575,1200.0,"АО ""Полюс Вернинское""",,,,03-RUD-UVSP-BZ04,1404,100000010221,component,2013-06-29,12,2025-06-29 00:00:00.000000,2023-06-29,operation,2027-12-31 00:00:00,ПВЕО,КМПН,2199-01-01,,2023-06-29,3157
580,1200.0,"АО ""Полюс Вернинское""",,,,03-RUD-UVSP-BZ05,1405,100000010222,component,2013-04-29,12,2025-04-29 00:00:00.000000,2023-04-29,operation,2027-12-31 00:00:00,ПВЕО,КМПН,2199-01-01,,2023-04-29,3161
599,1200.0,"АО ""Полюс Вернинское""",,,,03-RUD-UVSP-BZ09,1406,100000021379,component,2020-04-01,12,2032-04-01 00:00:00.000000,2023-03-31,operation,2027-12-31 00:00:00,ПВЕО,КМПН,2199-01-01,,2023-03-31,3179
601,1200.0,"АО ""Полюс Вернинское""",,,,03-RUD-UVSP-BZ09,1406,100000021380,component,2020-04-01,12,2032-04-01 00:00:00.000000,2023-04-01,operation,2027-12-31 00:00:00,ПВЕО,КМПН,2199-01-01,,2023-04-01,3181
645,1400.0,"АО ""Полюс Магадан""",E02_03,Станки буровые ударно-вращательного бур.,Станок буровой DML HP 1450,05-KAR-UBVR-HP02,10,100000084459,head,2018-08-01,12,2030-08-01 00:00:00.000000,2023-12-31,operation,2027-12-31 00:00:00,УСТН,СИНХ,2199-01-01,,2023-12-31,3299
666,1400.0,"АО ""Полюс Магадан""",E02_03,Станки буровые ударно-вращательного бур.,Станок буровой DML HP 1450,05-KAR-UBVR-HP07,3,100000084456,head,2013-02-28,12,2025-02-28 00:00:00.000000,2023-12-31,operation,2027-12-31 00:00:00,УСТН,СИНХ,2199-01-01,,2023-12-31,3308
701,1400.0,"АО ""Полюс Магадан""",E02_03,Станки буровые ударно-вращательного бур.,Станок буровой FlexiROC D66,05-KAR-UBVR-SP01,1,100000084449,head,2012-11-18,12,2024-11-18 00:00:00.000000,2023-12-31,operation,2027-12-31 00:00:00,УСТН,СИНХ,2199-01-01,,2023-12-31,3327
706,1400.0,"АО ""Полюс Магадан""",E02_03,Станки буровые ударно-вращательного бур.,Станок буровой FlexiROC D69,05-KAR-UBVR-SP02,2,100000084450,head,2012-11-25,12,2024-11-25 00:00:00.000000,2023-12-31,operation,2027-12-31 00:00:00,УСТН,СИНХ,2199-01-01,,2023-12-31,3332
859,1400.0,"АО ""Полюс Магадан""",E17_11,Погрузчики фронтальные,Погрузчик фронтальный WA900-3HL,05-KAR-UOGR-PF03,2,100000084435,head,2012-08-31,12,2024-08-31 00:00:00.000000,2023-12-31,operation,2027-12-31 00:00:00,УСТН,СИНХ,2199-01-01,,2023-12-31,3467
881,1400.0,"АО ""Полюс Магадан""",E17_11,Погрузчики фронтальные,Погрузчик фронтальный WA900-3HL,05-KAR-UOGR-PF07,6,100000084437,head,2013-06-30,12,2025-06-30 00:00:00.000000,2023-12-31,operation,2027-12-31 00:00:00,УСТН,СИНХ,2199-01-01,,2023-12-31,3486
886,1400.0,"АО ""Полюс Магадан""",E17_11,Погрузчики фронтальные,Погрузчик фронтальный WA900-3HL,05-KAR-UOGR-PF08,7,100000084438,head,2013-09-30,12,2025-09-30 00:00:00.000000,2023-12-31,operation,2027-12-31 00:00:00,УСТН,СИНХ,2199-01-01,,2023-12-31,3491
1130,1400.0,"АО ""Полюс Магадан""",E01_01,Самосвалы карьерные,Самосвалы Komatsu HD1500-7,05-KAR-UTTR-K703,11,100000084394,head,2013-07-31,12,2025-07-31 00:00:00.000000,2023-12-31,operation,2027-12-31 00:00:00,УСТН,СИНХ,2199-01-01,,2023-12-31,3598
1154,1400.0,"АО ""Полюс Магадан""",E01_01,Самосвалы карьерные,Самосвалы Komatsu HD1500-7,05-KAR-UTTR-K706,3,100000084386,head,2012-08-01,12,2024-08-01 00:00:00.000000,2023-12-31,operation,2027-12-31 00:00:00,УСТН,СИНХ,2199-01-01,,2023-12-31,3622
1177,1400.0,"АО ""Полюс Магадан""",E01_01,Самосвалы карьерные,Самосвалы Komatsu HD1500-7,05-KAR-UTTR-K709,6,100000084389,head,2013-03-31,12,2025-03-31 00:00:00.000000,2023-12-31,operation,2027-12-31 00:00:00,УСТН,СИНХ,2199-01-01,,2023-12-31,3641
1185,1400.0,"АО ""Полюс Магадан""",E01_01,Самосвалы карьерные,Самосвалы Komatsu HD1500-7,05-KAR-UTTR-K710,7,100000084390,head,2013-04-30,12,2025-04-30 00:00:00.000000,2023-12-31,operation,2027-12-31 00:00:00,УСТН,СИНХ,2199-01-01,,2023-12-31,3649
1256,1400.0,"АО ""Полюс Магадан""",,,,05-KAR-UTTR-K807,19,100000090271,component,2018-06-30,12,2030-06-30 00:00:00.000000,2023-06-30,operation,2027-12-31 00:00:00,ПВЕО,plug,2199-01-01,,2023-06-30,3718
1287,1400.0,"АО ""Полюс Магадан""",,,,05-KAR-UTTR-K812,24,100000090272,component,2018-06-30,12,2030-06-30 00:00:00.000000,2023-06-30,operation,2027-12-31 00:00:00,ПВЕО,plug,2199-01-01,,2023-06-30,3750
1296,1400.0,"АО ""Полюс Магадан""",,,,05-KAR-UTTR-K813,25,100000090269,component,2018-06-30,12,2030-06-30 00:00:00.000000,2023-06-30,operation,2027-12-31 00:00:00,ПВЕО,plug,2199-01-01,,2023-06-30,3759
1297,1400.0,"АО ""Полюс Магадан""",,,,05-KAR-UTTR-K813,25,100000090270,component,2018-06-30,12,2030-06-30 00:00:00.000000,2023-06-30,operation,2027-12-31 00:00:00,ПВЕО,plug,2199-01-01,,2023-06-30,3760
1301,1400.0,"АО ""Полюс Магадан""",,,,05-KAR-UTTR-K814,26,100000096698,component,2018-06-30,12,2030-06-30 00:00:00.000000,2023-06-30,operation,2027-12-31 00:00:00,ПВЕО,КМПН,2199-01-01,,2023-06-30,3764
